file_name,summary,doc_name
Product_Catalog_2024.pdf,"Comprehensive catalog of all banking products including savings accounts, credit cards, loans, and investment options with features and pricing.",Loan_Application_Process
Security_Guidelines.pdf,"Complete security protocols for online banking, password requirements, two-factor authentication, and fraud prevention measures.",Loan_Application_Process
Account_Management_Guide.pdf,"Step-by-step instructions for managing accounts, transferring funds, setting up automatic payments, and mobile banking features.",Loan_Application_Process
Loan_Application_Process.pdf,"Detailed process for applying for personal loans, mortgages, business loans, eligibility criteria, and required documentation.",Loan_Application_Process
Investment_Portfolio_Guide.pdf,"Investment strategies, portfolio management, risk assessment, and retirement planning options available through the bank.",Loan_Application_Process
Customer_Service_FAQ.pdf,"Frequently asked questions about customer service, contact information, dispute resolution, and complaint procedures.",Loan_Application_Process
Mobile_Banking_Manual.pdf,"Complete guide to using mobile banking app, features, troubleshooting, and mobile payment options.",Loan_Application_Process
Credit_Card_Terms.pdf,"Terms and conditions for credit cards, interest rates, fees, reward programs, and payment policies.",Loan_Application_Process
ATM_PIN_Management.pdf,"Instructions for changing ATM PIN, security measures, PIN recovery process, and troubleshooting ATM issues.",Loan_Application_Process
Wire_Transfer_Guide.pdf,"International and domestic wire transfer procedures, fees, processing times, and required information.",Loan_Application_Process
Overdraft_Protection.pdf,"Overdraft protection options, fees, how to opt-in or opt-out, and alternatives to overdraft coverage.",Loan_Application_Process
Business_Banking_Services.pdf,"Commercial banking services, business accounts, merchant services, payroll processing, and business loans.",Loan_Application_Process
Online_Banking_Setup.pdf,"How to set up online banking account, navigation guide, security settings, and account preferences.",Loan_Application_Process
Mortgage_Information.pdf,"Mortgage types, application process, rates, refinancing options, and first-time homebuyer programs.",Loan_Application_Process
Savings_Account_Guide.pdf,"Different types of savings accounts, interest rates, minimum balance requirements, and account features.",Loan_Application_Process
Direct_Deposit_Setup.pdf,"How to set up direct deposit for payroll, benefits, tax refunds, and managing multiple deposit accounts.",Loan_Application_Process
Financial_Planning_Tools.pdf,"Budget planning tools, financial calculators, retirement planning resources, and goal-setting features.",Loan_Application_Process
International_Banking.pdf,"International banking services, foreign exchange, travel notifications, and overseas account access.",Loan_Application_Process
Student_Banking_Package.pdf,"Special banking packages for students, fee waivers, student loan options, and financial education resources.",Loan_Application_Process
Senior_Citizen_Benefits.pdf,"Banking benefits for senior citizens, special rates, fee waivers, and retirement account management.",Loan_Application_Process
